name,bottleFormat,category,productType,supplierPortfolio,singlePriceZAR,unitsPerCase,caseDiscountPct,casePriceZAR,palletPackQty,palletDiscountPct,palletPriceZAR,brandTags
TEMPLATE_SKU_NAME,750ml,BEER,Beer,Supplier Name,0.00,6,10.0,0.00,60,15.0,0.00,
INSTRUCTIONS: Replace the template row above with your actual SKU data. Required columns are name, bottleFormat, category, productType, supplierPortfolio, singlePriceZAR, unitsPerCase, caseDiscountPct, casePriceZAR, palletPackQty, palletDiscountPct, palletPriceZAR, and optionally brandTags. The 'name' column must exactly match the product names in image-urls.json for proper image linking.
name,category,bottleFormat,singlePriceZAR,unitsPerCase,caseDiscountPct,casePriceZAR,palletPackQty,palletDiscountPct,palletPriceZAR,supplierPortfolio,productType,brandTags
Black Label,BEER,Quart (750ml),358.71,12,3,347.95,60,7,20016.02,SAB,ALCOHOL,
Black Label,BEER,Dumpy (340ml),124.17,24,3,481.78,84,7,9700.16,SAB,ALCOHOL,
Black Label,BEER,Can (330ml),124.17,24,3,481.78,84,7,9700.16,SAB,ALCOHOL,
Heineken,BEER,Quart (500ml),358.71,12,3,347.95,60,7,20016.02,Heineken SA,ALCOHOL,
Heineken,BEER,Dumpy (340ml),121.00,24,3,469.48,84,7,9452.52,Heineken SA,ALCOHOL,
Heineken,BEER,Can (330ml),149.00,24,3,578.12,84,7,11639.88,Heineken SA,ALCOHOL,
Castle Lager,BEER,Quart (750ml),358.71,12,3,347.95,60,7,20016.02,SAB,ALCOHOL,
Castle Lager,BEER,Dumpy (340ml),124.17,24,3,481.78,84,7,9700.16,SAB,ALCOHOL,
Castle Lager,BEER,Can (330ml),124.17,24,3,481.78,84,7,9700.16,SAB,ALCOHOL,
Castle Milk Stout,BEER,Quart (750ml),358.71,12,3,347.95,60,7,20016.02,SAB,ALCOHOL,
Castle Milk Stout,BEER,Dumpy (340ml),132.45,24,3,513.91,84,7,10346.99,SAB,ALCOHOL,
Castle Milk Stout,BEER,Can (330ml),140.72,24,3,545.99,84,7,10993.05,SAB,ALCOHOL,
Castle Lite,BEER,Quart (750ml),358.71,12,3,347.95,60,7,20016.02,SAB,ALCOHOL,
Castle Lite,BEER,Dumpy (340ml),124.17,24,3,481.78,84,7,9700.16,SAB,ALCOHOL,
Castle Lite,BEER,Can (330ml),124.17,24,3,481.78,84,7,9700.16,SAB,ALCOHOL,
Corona,BEER,Dumpy (355ml),132.00,24,3,512.16,84,7,10311.84,SAB,ALCOHOL,
Corona,BEER,Can (330ml),179.35,24,3,695.88,84,7,14010.82,SAB,ALCOHOL,
Sol,BEER,Dumpy (340ml),132.45,24,3,513.91,84,7,10346.99,Heineken SA,ALCOHOL,
Sol,BEER,Can (330ml),149.00,24,3,578.12,84,7,11639.88,Heineken SA,ALCOHOL,
Windhoek Lager/Light,BEER,Quart (500ml),358.71,12,3,347.95,60,7,20016.02,Heineken SA,ALCOHOL,
Windhoek Lager/Light,BEER,Dumpy (340ml),132.45,24,3,513.91,84,7,10346.99,Heineken SA,ALCOHOL,
Windhoek Lager/Light,BEER,Can (330ml),149.00,24,3,578.12,84,7,11639.88,Heineken SA,ALCOHOL,
Windhoek Draught,BEER,Quart (440ml),358.71,12,3,347.95,60,7,20016.02,Heineken SA,ALCOHOL,
Windhoek Draught,BEER,Can (440ml),165.56,24,3,642.37,84,7,12933.55,Heineken SA,ALCOHOL,
Flying Fish Lemon/Apple,BEER,Dumpy (340ml),124.17,24,3,481.78,84,7,9700.16,SAB,ALCOHOL,
Flying Fish Lemon/Apple,BEER,Can (330ml),132.45,24,3,513.91,84,7,10346.99,SAB,ALCOHOL,
Amstel Lager,BEER,Quart (750ml),358.71,12,3,347.95,60,7,20016.02,Heineken SA,ALCOHOL,
Amstel Lager,BEER,Dumpy (340ml),124.17,24,3,481.78,84,7,9700.16,Heineken SA,ALCOHOL,
Amstel Lager,BEER,Can (330ml),132.45,24,3,513.91,84,7,10346.99,Heineken SA,ALCOHOL,
Budweiser,BEER,Dumpy (340ml),124.17,24,3,481.78,84,7,9700.16,SAB,ALCOHOL,
Budweiser,BEER,Can (330ml),140.72,24,3,545.99,84,7,10993.05,SAB,ALCOHOL,
Stella Artois,BEER,Dumpy (340ml),149.00,24,3,578.12,84,7,11639.88,SAB,ALCOHOL,
Stella Artois,BEER,Can (330ml),157.28,24,3,610.25,84,7,12286.71,SAB,ALCOHOL,
Hansa Pilsener,BEER,Quart (750ml),358.71,12,3,347.95,60,7,20016.02,SAB,ALCOHOL,
Hansa Pilsener,BEER,Dumpy (340ml),124.17,24,3,481.78,84,7,9700.16,SAB,ALCOHOL,
Hansa Pilsener,BEER,Can (330ml),124.17,24,3,481.78,84,7,9700.16,SAB,ALCOHOL,
Guinness Foreign Extra,BEER,Dumpy (340ml),179.35,24,3,695.88,84,7,14010.82,Diageo SA,ALCOHOL,
Guinness Foreign Extra,BEER,Can (440ml),179.35,24,3,695.88,84,7,14010.82,Diageo SA,ALCOHOL,
Lion Lager,BEER,Quart (750ml),347.67,12,3,337.24,60,7,19399.99,SAB,ALCOHOL,
Lion Lager,BEER,Can (330ml),124.17,24,3,481.78,84,7,9700.16,SAB,ALCOHOL,
Savanna Dry/Light,CIDER_RTD,Quart (750ml),351.80,12,3,341.25,60,7,19630.44,Heineken SA,ALCOHOL,
Savanna Dry/Light,CIDER_RTD,Dumpy (340ml),132.00,24,3,512.16,84,7,10311.84,Heineken SA,ALCOHOL,
Savanna Dry/Light,CIDER_RTD,Can (330ml),132.00,24,3,512.16,84,7,10311.84,Heineken SA,ALCOHOL,
Savanna Angry Lemon,CIDER_RTD,Dumpy (340ml),175.90,24,3,682.49,84,7,13741.31,Heineken SA,ALCOHOL,
Savanna Angry Lemon,CIDER_RTD,Can (330ml),175.90,24,3,682.49,84,7,13741.31,Heineken SA,ALCOHOL,
Breezer (Red/Watermelon),CIDER_RTD,Dumpy (275ml),162.37,24,3,630.00,84,7,12684.34,Martini Bacardi,ALCOHOL,
Brutal Fruit Ruby/Litchi,CIDER_RTD,Quart (750ml),351.80,12,3,341.25,60,7,19630.44,SAB,ALCOHOL,
Brutal Fruit Ruby/Litchi,CIDER_RTD,Dumpy (340ml),148.50,24,3,576.18,84,7,11600.82,SAB,ALCOHOL,
Brutal Fruit Ruby/Litchi,CIDER_RTD,Can (330ml),148.50,24,3,576.18,84,7,11600.82,SAB,ALCOHOL,
Bernini Classic/Blush/Ruby,CIDER_RTD,Dumpy (275ml),121.78,24,3,472.51,84,7,9513.45,Heineken SA,ALCOHOL,
Bernini Classic/Blush/Ruby,CIDER_RTD,Can (330ml),129.90,24,3,504.01,84,7,10147.79,Heineken SA,ALCOHOL,
Redd's Berry/Orig/Green,CIDER_RTD,Dumpy (340ml),129.90,24,3,504.01,84,7,10147.79,SAB,ALCOHOL,
Redd's Berry/Orig/Green,CIDER_RTD,Can (330ml),146.13,24,3,566.98,84,7,11415.68,SAB,ALCOHOL,
Redd's MXD Pine/Guarana,CIDER_RTD,Dumpy (340ml),129.90,24,3,504.01,84,7,10147.79,SAB,ALCOHOL,
Redd's MXD Pine/Guarana,CIDER_RTD,Can (330ml),146.13,24,3,566.98,84,7,11415.68,SAB,ALCOHOL,
Extreme Energy,CIDER_RTD,Dumpy (500ml),121.78,24,3,472.51,84,7,9513.45,Heineken SA,ALCOHOL,
Extreme Energy,CIDER_RTD,Can (500ml),138.01,24,3,535.48,84,7,10781.34,Heineken SA,ALCOHOL,
Chillers Punch,CIDER_RTD,Dumpy (500ml),121.78,24,3,472.51,84,7,9513.45,Local Value Portfolio,ALCOHOL,BLACK_OWNED|CELEBRITY_BACKED
Chillers Punch,CIDER_RTD,Can (500ml),129.90,24,3,504.01,84,7,10147.79,Local Value Portfolio,ALCOHOL,BLACK_OWNED|CELEBRITY_BACKED
Hunter's Dry/Gold,CIDER_RTD,Quart (750ml),351.80,12,3,341.25,60,7,19630.44,Heineken SA,ALCOHOL,
Hunter's Dry/Gold,CIDER_RTD,Dumpy (340ml),129.90,24,3,504.01,84,7,10147.79,Heineken SA,ALCOHOL,
Hunter's Dry/Gold,CIDER_RTD,Can (330ml),146.13,24,3,566.98,84,7,11415.68,Heineken SA,ALCOHOL,
Hunter's Chilled,CIDER_RTD,Dumpy (340ml),138.01,24,3,535.48,84,7,10781.34,Heineken SA,ALCOHOL,
Hunter's Chilled,CIDER_RTD,Can (330ml),154.25,24,3,598.49,84,7,12050.01,Heineken SA,ALCOHOL,
Strongbow Gold/Apple,CIDER_RTD,Quart (750ml),351.80,12,3,341.25,60,7,19630.44,Heineken SA,ALCOHOL,
Strongbow Gold/Apple,CIDER_RTD,Dumpy (340ml),129.90,24,3,504.01,84,7,10147.79,Heineken SA,ALCOHOL,
Strongbow Gold/Apple,CIDER_RTD,Can (330ml),146.13,24,3,566.98,84,7,11415.68,Heineken SA,ALCOHOL,
Kopparberg Strawberry/Lime,CIDER_RTD,Dumpy (500ml),175.90,24,3,682.49,84,7,13741.31,Heineken SA,ALCOHOL,
Kopparberg Strawberry/Lime,CIDER_RTD,Can (500ml),175.90,24,3,682.49,84,7,13741.31,Heineken SA,ALCOHOL,
Smirnoff Spin/Storm,CIDER_RTD,Dumpy (250ml),138.01,24,3,535.48,84,7,10781.34,Diageo SA,ALCOHOL,
Smirnoff Spin/Storm,CIDER_RTD,Can (440ml),154.25,24,3,598.49,84,7,12050.01,Diageo SA,ALCOHOL,
Flying Fish Chill,CIDER_RTD,Dumpy (340ml),121.78,24,3,472.51,84,7,9513.45,SAB,ALCOHOL,
Flying Fish Chill,CIDER_RTD,Can (330ml),138.01,24,3,535.48,84,7,10781.34,SAB,ALCOHOL,
Belgravia G&T (Asstd),CIDER_RTD,Dumpy (275ml),154.25,24,3,598.49,84,7,12050.01,Edward Snell & Co.,ALCOHOL,
Belgravia G&T (Asstd),CIDER_RTD,Can (440ml),170.49,24,3,661.50,84,7,13318.68,Edward Snell & Co.,ALCOHOL,
Klipdrift Export,BRANDY,750ml Bottle,211.70,12,4,2438.78,60,8,11685.84,Heineken (Distell),ALCOHOL,
Viceroy 5 Year Old,BRANDY,750ml Bottle,199.25,12,4,2295.36,60,8,10998.60,Heineken (Distell),ALCOHOL,
Wellington VO,BRANDY,750ml Bottle,230.38,12,4,2653.98,60,8,12716.98,Distell Portfolio,ALCOHOL,
Jameson Original Irish,WHISKY,750ml Bottle,462.00,12,4,5322.24,60,8,25502.40,Pernod Ricard,ALCOHOL,
Jameson Original Irish,WHISKY,375ml Bottle,242.21,12,4,2790.26,60,8,13369.99,Pernod Ricard,ALCOHOL,
Jameson Select Reserve,WHISKY,750ml Bottle,621.40,12,4,7158.53,60,8,34301.28,Pernod Ricard,ALCOHOL,
Jameson Caskmates,WHISKY,750ml Bottle,584.04,12,4,6728.14,60,8,32239.01,Pernod Ricard,ALCOHOL,
Johnnie Walker Red Label,WHISKY,750ml Bottle,334.98,12,4,3858.97,60,8,18490.90,Diageo SA,ALCOHOL,
Johnnie Walker Red Label,WHISKY,375ml Bottle,167.49,12,4,1929.48,60,8,9245.45,Diageo SA,ALCOHOL,
Johnnie Walker Black Label,WHISKY,750ml Bottle,496.87,12,4,5723.94,60,8,27427.22,Diageo SA,ALCOHOL,
Johnnie Walker Black Label,WHISKY,375ml Bottle,248.43,12,4,2861.91,60,8,13713.34,Diageo SA,ALCOHOL,
Johnnie Walker Double Black,WHISKY,750ml Bottle,633.85,12,4,7301.95,60,8,34988.52,Diageo SA,ALCOHOL,
Johnnie Walker Gold Label Reserve,WHISKY,750ml Bottle,907.81,12,4,10457.97,60,8,50111.11,Diageo SA,ALCOHOL,
Jack Daniel's Old No.7,WHISKY,750ml Bottle,496.87,12,4,5723.94,60,8,27427.22,Brown-Forman,ALCOHOL,
Jack Daniel's Old No.7,WHISKY,375ml Bottle,248.43,12,4,2861.91,60,8,13713.34,Brown-Forman,ALCOHOL,
Jack Daniel's Tennessee Honey,WHISKY,750ml Bottle,496.87,12,4,5723.94,60,8,27427.22,Brown-Forman,ALCOHOL,
Jack Daniel's Tennessee Honey,WHISKY,375ml Bottle,248.43,12,4,2861.91,60,8,13713.34,Brown-Forman,ALCOHOL,
J&B Rare,WHISKY,750ml Bottle,466.98,12,4,5379.61,60,8,25777.30,Diageo SA,ALCOHOL,
J&B Rare,WHISKY,375ml Bottle,233.49,12,4,2689.80,60,8,12888.65,Diageo SA,ALCOHOL,
Bells Extra Special,WHISKY,750ml Bottle,272.72,12,4,3141.73,60,8,15054.14,Diageo SA,ALCOHOL,
Bells Extra Special,WHISKY,375ml Bottle,136.36,12,4,1570.87,60,8,7527.07,Diageo SA,ALCOHOL,
Chivas Regal 12 Year Old,WHISKY,750ml Bottle,546.68,12,4,6297.75,60,8,30176.74,Pernod Ricard,ALCOHOL,
Chivas Regal 12 Year Old,WHISKY,375ml Bottle,273.34,12,4,3148.88,60,8,15088.37,Pernod Ricard,ALCOHOL,
Chivas Regal 15 Year Old,WHISKY,750ml Bottle,846.79,12,4,9755.02,60,8,46742.81,Pernod Ricard,ALCOHOL,
Glenfiddich 12 Year,WHISKY,750ml Bottle,859.25,12,4,9898.56,60,8,47430.60,William Grant & Sons,ALCOHOL,
The Glenlivet 12 Year,WHISKY,750ml Bottle,846.79,12,4,9755.02,60,8,46742.81,Pernod Ricard,ALCOHOL,
Bain's Cape Mountain,WHISKY,750ml Bottle,434.60,12,4,5006.59,60,8,23989.92,Distell Portfolio,ALCOHOL,
Bain's Cape Mountain,WHISKY,375ml Bottle,217.30,12,4,2503.30,60,8,11994.96,Distell Portfolio,ALCOHOL,
Scottish Leader Original,WHISKY,750ml Bottle,224.15,12,4,2582.21,60,8,12373.08,Distell Portfolio,ALCOHOL,
Scottish Leader Original,WHISKY,375ml Bottle,62.26,12,4,717.24,60,8,3436.75,Distell Portfolio,ALCOHOL,
Three Ships 5 Year Old,WHISKY,750ml Bottle,236.60,12,4,2725.63,60,8,13060.32,Distell Portfolio,ALCOHOL,
Three Ships 5 Year Old,WHISKY,375ml Bottle,65.38,12,4,753.18,60,8,3608.98,Distell Portfolio,ALCOHOL,
Firstwatch Whisky,WHISKY,750ml Bottle,217.92,12,4,2510.44,60,8,12029.18,Edward Snell & Co.,ALCOHOL,
Hennessy VS,COGNAC,750ml Bottle,715.00,12,4,8236.80,60,8,39468.00,Moet Hennessy,ALCOHOL,
Hennessy VS,COGNAC,375ml Bottle,423.40,12,4,4877.57,60,8,23371.68,Moet Hennessy,ALCOHOL,
Hennessy VSOP,COGNAC,750ml Bottle,1556.60,12,4,17932.03,60,8,85924.32,Moet Hennessy,ALCOHOL,
Hennessy XO,COGNAC,750ml Bottle,3984.91,12,4,45906.16,60,8,219967.03,Moet Hennessy,ALCOHOL,
Remy Martin VSOP,COGNAC,750ml Bottle,1058.49,12,4,12193.80,60,8,58428.65,Remy Cointreau,ALCOHOL,
Remy Martin 1738 Accord Royal,COGNAC,750ml Bottle,1494.34,12,4,17214.80,60,8,82487.57,Remy Cointreau,ALCOHOL,
Honor VS,COGNAC,750ml Bottle,560.38,12,4,6455.58,60,8,30932.98,Local Value Brand,ALCOHOL,
Honor VS,COGNAC,375ml Bottle,311.32,12,4,3586.41,60,8,17184.86,Local Value Brand,ALCOHOL,
Martell VS,COGNAC,750ml Bottle,684.91,12,4,7890.16,60,8,37807.03,Pernod Ricard,ALCOHOL,
Martell Blue Swift VSOP,COGNAC,750ml Bottle,1220.38,12,4,14058.78,60,8,67364.98,Pernod Ricard,ALCOHOL,
Courvoisier VS,COGNAC,750ml Bottle,647.55,12,4,7459.78,60,8,35744.76,Suntory,ALCOHOL,
Courvoisier VSOP,COGNAC,750ml Bottle,1021.13,12,4,11763.42,60,8,56366.38,Suntory,ALCOHOL,
Bisquit & Dubouche VS,COGNAC,750ml Bottle,610.19,12,4,7029.39,60,8,33682.49,Local Import,ALCOHOL,
Bisquit & Dubouche VSOP,COGNAC,750ml Bottle,1046.04,12,4,12050.38,60,8,57741.41,Local Import,ALCOHOL,
D'USSE VSOP,COGNAC,750ml Bottle,1183.02,12,4,13628.39,60,8,65302.70,Moet Hennessy,ALCOHOL,CELEBRITY_BACKED
Strettons London Dry,GIN,750ml Bottle,211.70,12,4,2438.78,60,8,11685.84,Edward Snell & Co.,ALCOHOL,
Strettons London Dry,GIN,375ml Bottle,118.30,12,4,1362.82,60,8,6530.16,Edward Snell & Co.,ALCOHOL,
Strettons Wild Berry,GIN,750ml Bottle,211.70,12,4,2438.78,60,8,11685.84,Edward Snell & Co.,ALCOHOL,
Strettons Wild Berry,GIN,375ml Bottle,118.30,12,4,1362.82,60,8,6530.16,Edward Snell & Co.,ALCOHOL,
Old Buck Gin,GIN,750ml Bottle,199.25,12,4,2295.36,60,8,10998.60,Distell Portfolio,ALCOHOL,
Old Buck Gin,GIN,375ml Bottle,112.08,12,4,1291.16,60,8,6186.82,Distell Portfolio,ALCOHOL,
Gordons Premium Pink,GIN,750ml Bottle,270.30,12,4,3113.86,60,8,14920.56,Diageo SA,ALCOHOL,
Gordons Premium Pink,GIN,375ml Bottle,150.17,12,4,1729.96,60,8,8289.38,Diageo SA,ALCOHOL,
Gordons London Dry,GIN,750ml Bottle,209.00,12,4,2407.68,60,8,11536.80,Diageo SA,ALCOHOL,
Gordons London Dry,GIN,375ml Bottle,142.66,12,4,1643.44,60,8,7874.83,Diageo SA,ALCOHOL,
KEM Gin,GIN,750ml Bottle,311.32,12,4,3586.41,60,8,17184.86,Local Craft,ALCOHOL,BLACK_OWNED|WOMEN_OWNED
Kwande Gin,GIN,750ml Bottle,348.68,12,4,4016.79,60,8,19247.14,Local Craft,ALCOHOL,BLACK_OWNED
Royal Flush Premium,GIN,750ml Bottle,249.06,12,4,2869.17,60,8,13748.11,Local Value Brand,ALCOHOL,
Royal Flush Premium,GIN,375ml Bottle,136.98,12,4,1578.01,60,8,7561.30,Local Value Brand,ALCOHOL,
Tanqueray London Dry Export,GIN,750ml Bottle,396.00,12,4,4561.92,60,8,21859.20,Diageo SA,ALCOHOL,
Tanqueray London Dry Export,GIN,375ml Bottle,242.83,12,4,2797.40,60,8,13404.22,Diageo SA,ALCOHOL,
Tanqueray No. TEN,GIN,750ml Bottle,747.17,12,4,8607.40,60,8,41243.78,Diageo SA,ALCOHOL,
Tanqueray Flor de Sevilla,GIN,750ml Bottle,448.30,12,4,5164.42,60,8,24746.16,Diageo SA,ALCOHOL,
Hendrick's Original,GIN,750ml Bottle,560.38,12,4,6455.58,60,8,30932.98,William Grant & Sons,ALCOHOL,
Hendrick's Original,GIN,375ml Bottle,311.32,12,4,3586.41,60,8,17184.86,William Grant & Sons,ALCOHOL,
Bombay Sapphire,GIN,750ml Bottle,386.04,12,4,4447.18,60,8,21309.41,Bacardi SA,ALCOHOL,
Bombay Sapphire,GIN,375ml Bottle,211.70,12,4,2438.78,60,8,11685.84,Bacardi SA,ALCOHOL,
Inverroche Classic,GIN,750ml Bottle,448.30,12,4,5164.42,60,8,24746.16,Local Craft,ALCOHOL,
Inverroche Amber/Verdant,GIN,750ml Bottle,485.66,12,4,5594.80,60,8,26808.43,Local Craft,ALCOHOL,
Musgrave Pink,GIN,750ml Bottle,361.13,12,4,4160.22,60,8,19934.38,Local Craft,ALCOHOL,
Flowstone African Bush Botanical,GIN,750ml Bottle,386.04,12,4,4447.18,60,8,21309.41,Local Craft,ALCOHOL,
Cruxland Gin,GIN,750ml Bottle,398.49,12,4,4590.60,60,8,21996.65,Local Craft,ALCOHOL,
Wixworth Gin,GIN,750ml Bottle,348.68,12,4,4016.79,60,8,19247.14,Local Craft,ALCOHOL,
Belvedere Pure Vodka,VODKA_PREMIUM,750ml Bottle,597.74,12,4,6885.96,60,8,32995.25,Moet Hennessy,ALCOHOL,
Belvedere Pure Vodka,VODKA_PREMIUM,375ml Bottle,323.77,12,4,3729.83,60,8,17872.10,Moet Hennessy,ALCOHOL,
Ciroc Original Premium,VODKA_PREMIUM,750ml Bottle,523.02,12,4,6025.19,60,8,28870.70,Diageo SA,ALCOHOL,
Ciroc Original Premium,VODKA_PREMIUM,375ml Bottle,286.42,12,4,3299.56,60,8,15810.38,Diageo SA,ALCOHOL,
Ciroc (Apple/Mango/Pineapple),VODKA_PREMIUM,750ml Bottle,547.92,12,4,6312.04,60,8,30245.18,Diageo SA,ALCOHOL,
Smirnoff Red No. 21,VODKA,750ml Bottle,199.25,12,4,2295.36,60,8,10998.60,Diageo SA,ALCOHOL,
Smirnoff Red No. 21,VODKA,375ml Bottle,112.08,12,4,1291.16,60,8,6186.82,Diageo SA,ALCOHOL,
Smirnoff Infusions,VODKA,750ml Bottle,211.70,12,4,2438.78,60,8,11685.84,Diageo SA,ALCOHOL,
Russian Bear Standard,VODKA,750ml Bottle,174.34,12,4,2008.40,60,8,9623.57,Edward Snell & Co.,ALCOHOL,
Russian Bear Standard,VODKA,375ml Bottle,99.62,12,4,1147.62,60,8,5499.02,Edward Snell & Co.,ALCOHOL,
Russian Bear Flavours,VODKA,750ml Bottle,174.34,12,4,2008.40,60,8,9623.57,Edward Snell & Co.,ALCOHOL,
Wyborowa Vodka,VODKA,750ml Bottle,224.15,12,4,2582.21,60,8,12373.08,Pernod Ricard,ALCOHOL,
Wyborowa Vodka,VODKA,375ml Bottle,124.53,12,4,1434.59,60,8,6874.06,Pernod Ricard,ALCOHOL,
Grey Goose Luxury,VODKA_PREMIUM,750ml Bottle,684.91,12,4,7890.16,60,8,37807.03,Bacardi SA,ALCOHOL,
Grey Goose Luxury,VODKA_PREMIUM,375ml Bottle,373.58,12,4,4303.64,60,8,20621.62,Bacardi SA,ALCOHOL,
Absolut Original Blue,VODKA,750ml Bottle,423.38,12,4,4877.34,60,8,23370.58,Pernod Ricard,ALCOHOL,
Absolut Original Blue,VODKA,375ml Bottle,230.10,12,4,2650.75,60,8,12701.52,Pernod Ricard,ALCOHOL,
Absolut (Watermelon/Lime/Citron),VODKA,750ml Bottle,441.79,12,4,5089.42,60,8,24386.81,Pernod Ricard,ALCOHOL,
Cruz Vintage Black Vodka,VODKA,750ml Bottle,273.96,12,4,3156.02,60,8,15122.59,Distell Portfolio,ALCOHOL,
Cruz Vintage Black Vodka,VODKA,375ml Bottle,149.43,12,4,1721.43,60,8,8248.54,Distell Portfolio,ALCOHOL,
Skyy Vodka Original,VODKA,750ml Bottle,330.00,12,4,3801.60,60,8,18216.00,Campari Group,ALCOHOL,
Skyy Vodka Original,VODKA,375ml Bottle,143.21,12,4,1649.78,60,8,7905.19,Campari Group,ALCOHOL,
Count Pushkin Vodka,VODKA,750ml Bottle,161.89,12,4,1864.97,60,8,8936.33,Heineken SA,ALCOHOL,
Count Pushkin Vodka,VODKA,375ml Bottle,93.40,12,4,1075.97,60,8,5155.68,Heineken SA,ALCOHOL,
Olmeca Plata,TEQUILA,750ml Bottle,348.68,12,4,4016.79,60,8,19247.14,Pernod Ricard,ALCOHOL,
Olmeca Plata,TEQUILA,375ml Bottle,199.25,12,4,2295.36,60,8,10998.60,Pernod Ricard,ALCOHOL,
Olmeca Reposado,TEQUILA,750ml Bottle,385.00,12,4,4435.20,60,8,21252.00,Pernod Ricard,ALCOHOL,
Olmeca Reposado,TEQUILA,375ml Bottle,205.47,12,4,2367.01,60,8,11341.94,Pernod Ricard,ALCOHOL,
Jose Cuervo Especial Silver,TEQUILA,750ml Bottle,311.32,12,4,3586.41,60,8,17184.86,Edward Snell & Co.,ALCOHOL,
Jose Cuervo Especial Silver,TEQUILA,375ml Bottle,174.34,12,4,2008.40,60,8,9623.57,Edward Snell & Co.,ALCOHOL,
Jose Cuervo Especial Reposado,TEQUILA,750ml Bottle,323.77,12,4,3729.83,60,8,17872.10,Edward Snell & Co.,ALCOHOL,
Jose Cuervo Especial Reposado,TEQUILA,375ml Bottle,180.57,12,4,2080.17,60,8,9967.46,Edward Snell & Co.,ALCOHOL,
Aljimardo Silver,TEQUILA,750ml Bottle,249.06,12,4,2869.17,60,8,13748.11,Local Value Brand,ALCOHOL,
Aljimardo Silver,TEQUILA,375ml Bottle,136.98,12,4,1578.01,60,8,7561.30,Local Value Brand,ALCOHOL,
Don Julio Blanco,TEQUILA_PREMIUM,750ml Bottle,772.08,12,4,8894.36,60,8.5,42387.19,Diageo SA,ALCOHOL,
Don Julio Reposado,TEQUILA_PREMIUM,750ml Bottle,921.51,12,4,10615.80,60,8.5,50590.90,Diageo SA,ALCOHOL,
Patron Silver Luxury,TEQUILA_PREMIUM,750ml Bottle,1058.49,12,4,12193.80,60,8.5,58111.10,Bacardi SA,ALCOHOL,
Patron Reposado,TEQUILA_PREMIUM,750ml Bottle,1220.38,12,4,14058.78,60,8.5,66998.86,Bacardi SA,ALCOHOL,
Clase Azul Plata,TEQUILA_PREMIUM,750ml Bottle,4981.13,12,4,57382.62,60,8.5,273464.04,Global Premium Import,ALCOHOL,
Clase Azul Reposado,TEQUILA_PREMIUM,750ml Bottle,6849.06,12,4,78901.17,60,8.5,376013.39,Global Premium Import,ALCOHOL,
Casamigos Blanco,TEQUILA_PREMIUM,750ml Bottle,896.60,12,4,10328.83,60,8.5,49223.34,Diageo SA,ALCOHOL,CELEBRITY_BACKED
Casamigos Reposado,TEQUILA_PREMIUM,750ml Bottle,1058.49,12,4,12193.80,60,8.5,58111.10,Diageo SA,ALCOHOL,CELEBRITY_BACKED
El Jimador Blanco/Reposado,TEQUILA,750ml Bottle,298.87,12,4,3442.98,60,8,16497.62,Edward Snell & Co.,ALCOHOL,
Ponchos Blanco/Caramel Tequila,TEQUILA,750ml Bottle,224.15,12,4,2582.21,60,8,12373.08,Distell Portfolio,ALCOHOL,
Ponchos Blanco/Caramel Tequila,TEQUILA,375ml Bottle,124.53,12,4,1434.59,60,8,6874.06,Distell Portfolio,ALCOHOL,
Blue Curacao (Butlers),LIQUEUR,750ml Bottle,273.96,12,4,3156.02,60,8,15122.59,Heineken SA,ALCOHOL,
Blue Curacao (Peddler's),LIQUEUR,750ml Bottle,298.87,12,4,3442.98,60,8,16497.62,Local Value Brand,ALCOHOL,
Blue Curacao Generic,LIQUEUR,750ml Bottle,105.85,12,4,1219.39,60,8,5842.92,Local Value Brand,ALCOHOL,
Triple Sec (Butlers),LIQUEUR,750ml Bottle,255.28,12,4,2940.83,60,8,14091.46,Heineken SA,ALCOHOL,
Triple Sec (Peddler's),LIQUEUR,750ml Bottle,298.87,12,4,3442.98,60,8,16497.62,Local Value Brand,ALCOHOL,
Triple Sec Premium (San Basile),LIQUEUR,750ml Bottle,597.74,12,4,6885.96,60,8,32995.25,Local Craft,ALCOHOL,
Peach Schnapps (Relic),LIQUEUR,750ml Bottle,255.28,12,4,2940.83,60,8,14091.46,Local Craft,ALCOHOL,
Peach Schnapps (Butlers),LIQUEUR,750ml Bottle,224.15,12,4,2582.21,60,8,12373.08,Heineken SA,ALCOHOL,
Peach Schnapps Generic,LIQUEUR,750ml Bottle,112.08,12,4,1291.16,60,8,6186.82,Local Value Brand,ALCOHOL,
Strawberry Liqueur (Butlers),LIQUEUR,750ml Bottle,224.15,12,4,2582.21,60,8,12373.08,Heineken SA,ALCOHOL,
Strawberry Liqueur Generic,LIQUEUR,750ml Bottle,124.53,12,4,1434.59,60,8,6874.06,Local Value Brand,ALCOHOL,
Peppermint Liqueur (Butlers),LIQUEUR,750ml Bottle,236.60,12,4,2725.63,60,8,13060.32,Heineken SA,ALCOHOL,
Banana Liqueur (Butlers),LIQUEUR,750ml Bottle,236.60,12,4,2725.63,60,8,13060.32,Heineken SA,ALCOHOL,
Cherry Kirsch Liqueur (Butlers),LIQUEUR,750ml Bottle,261.51,12,4,3012.60,60,8,14435.35,Heineken SA,ALCOHOL,
Espresso/Coffee Liqueur (Butlers),LIQUEUR,750ml Bottle,236.60,12,4,2725.63,60,8,13060.32,Heineken SA,ALCOHOL,
Ginger Liqueur (Butlers),LIQUEUR,750ml Bottle,236.60,12,4,2725.63,60,8,13060.32,Heineken SA,ALCOHOL,
Van Der Hum Tangerine (Butlers),LIQUEUR,750ml Bottle,236.60,12,4,2725.63,60,8,13060.32,Heineken SA,ALCOHOL,
Amarula Original Cream,LIQUEUR,750ml Bottle,209.00,12,4,2407.68,60,8,11536.80,Heineken SA,ALCOHOL,
Amarula Ethiopian Coffee,LIQUEUR,750ml Bottle,236.60,12,4,2725.63,60,8,13060.32,Heineken SA,ALCOHOL,
Baileys Original Irish Cream,LIQUEUR,750ml Bottle,311.32,12,4,3586.41,60,8,17184.86,Diageo SA,ALCOHOL,
Jagermeister Herbal Liqueur,LIQUEUR,750ml Bottle,396.00,12,4,4561.92,60,8,21859.20,Jagermeister AG,ALCOHOL,
Sambuca Lupini Black/Gold,LIQUEUR,750ml Bottle,211.70,12,4,2438.78,60,8,11685.84,Edward Snell & Co.,ALCOHOL,
Sambuca Generic Blue/White,LIQUEUR,750ml Bottle,174.34,12,4,2008.40,60,8,9623.57,Local Value Brand,ALCOHOL,
Tequila Rose Cream Liqueur,LIQUEUR,750ml Bottle,249.06,12,4,2869.17,60,8,13748.11,Global Premium Import,ALCOHOL,
Strawberry Lips,LIQUEUR,750ml Bottle,174.34,12,4,2008.40,60,8,9623.57,DGB Portfolio,ALCOHOL,
Cointreau Orange Liqueur,LIQUEUR,750ml Bottle,398.49,12,4,4590.60,60,8,21996.65,Spirits SA Import,ALCOHOL,
Grand Marnier Cordon Rouge,LIQUEUR,750ml Bottle,485.66,12,4,5594.80,60,8,26808.43,Campari Group,ALCOHOL,
Cape Velvet Cream,LIQUEUR,750ml Bottle,161.89,12,4,1864.97,60,8,8936.33,Distell Portfolio,ALCOHOL,
Tia Maria Coffee Liqueur,LIQUEUR,750ml Bottle,273.96,12,4,3156.02,60,8,15122.59,Pernod Ricard,ALCOHOL,
Frangelico Hazelnut Liqueur,LIQUEUR,750ml Bottle,323.77,12,4,3729.83,60,8,17872.10,Campari Group,ALCOHOL,
Disaronno Amaretto Liqueur,LIQUEUR,750ml Bottle,373.58,12,4,4303.64,60,8,20621.62,Spirits SA Import,ALCOHOL,
Malibu Coconut Rum Liqueur,LIQUEUR,750ml Bottle,224.15,12,4,2582.21,60,8,12373.08,Pernod Ricard,ALCOHOL,
Kahlua Coffee Liqueur,LIQUEUR,750ml Bottle,311.32,12,4,3586.41,60,8,17184.86,Pernod Ricard,ALCOHOL,
Drambuie Honey/Scotch,LIQUEUR,750ml Bottle,398.49,12,4,4590.60,60,8,21996.65,Spirits SA Import,ALCOHOL,
Chambord Black Raspberry,LIQUEUR,500ml Bottle,473.21,12,4,5451.38,60,8,26121.19,Global Premium Import,ALCOHOL,
Nachtmusik Chocolate Liqueur,LIQUEUR,750ml Bottle,161.89,12,4,1864.97,60,8,8936.33,Distell Portfolio,ALCOHOL,
Wild Africa Cream Liqueur,LIQUEUR,750ml Bottle,149.43,12,4,1721.43,60,8,8248.54,KWV Spirits,ALCOHOL,
Grenadine Syrup Cordial,MIXER,1 Litre Jug,77.00,12,2,905.52,60,5,4389.00,Bar Mixer Supply,ALCOHOL,
Lime/Passion Fruit Cordial,MIXER,750ml Bottle,49.50,12,2,582.12,60,5,2821.50,Tiger Brands (Roses),ALCOHOL,
Kola Tonic Cordial,MIXER,750ml Bottle,49.50,12,2,582.12,60,5,2821.50,Tiger Brands (Roses),ALCOHOL,
Maraschino Cherries (Syrup),MIXER,350ml Jar,66.00,12,2,776.16,60,5,3762.00,Bar Mixer Supply,ALCOHOL,
Angostura Aromatic Bitters,MIXER,200ml Bottle,99.00,12,2,1164.24,60,5,5643.00,House of Angostura,ALCOHOL,
4th Street Sweet Red/White,WINE,750ml Bottle,60.79,6,5,346.50,100,10,5471.10,Heineken SA,ALCOHOL,
Robertson Winery Sweet Merlot,WINE,750ml Bottle,79.03,6,5,450.47,100,10,7112.70,Robertson Winery,ALCOHOL,
Drostdy-Hof Adelpracht Sweet,WINE,750ml Bottle,72.95,6,5,415.81,100,10,6565.50,Heineken SA,ALCOHOL,
Nederburg Baronne,WINE,750ml Bottle,103.34,6,5,589.04,100,10,9300.60,Heineken SA,ALCOHOL,
Nederburg Sauvignon Blanc,WINE,750ml Bottle,97.26,6,5,554.38,100,10,8753.40,Heineken SA,ALCOHOL,
Kanonkop Kadette Cabernet,WINE,750ml Bottle,170.21,6,5,970.20,100,10,15318.90,Kanonkop Wine Estate,ALCOHOL,
Beyerskloof Pinotage,WINE,750ml Bottle,133.74,6,5,762.32,100,10,12036.60,Beyerskloof Estate,ALCOHOL,
Saint Raphael Sweet Red,WINE,750ml Bottle,66.87,6,5,381.16,100,10,6018.30,DGB Portfolio,ALCOHOL,
Castillo de Liria Sweet Red,WINE,750ml Bottle,91.18,6,5,519.73,100,10,8206.20,Premium Wine Imports,ALCOHOL,
JC Le Roux Le Domaine,SPARKLING,750ml Bottle,130.09,6,5,741.51,100,10,11708.10,Heineken SA,ALCOHOL,
JC Le Roux La Fleurette,SPARKLING,750ml Bottle,130.09,6,5,741.51,100,10,11708.10,Heineken SA,ALCOHOL,
Krone Borealis Brut (MCC),SPARKLING,750ml Bottle,255.32,6,5,1455.32,100,10,22978.80,Vinimark Portfolio,ALCOHOL,
Pongracz Brut,SPARKLING,750ml Bottle,231.00,6,5,1316.70,100,10,20790.00,Heineken SA,ALCOHOL,
Moet & Chandon Imperial Brut,CHAMPAGNE,750ml Bottle,960.47,6,5,5474.68,100,10,86442.30,Moet Hennessy,ALCOHOL,
Veuve Clicquot Yellow Label,CHAMPAGNE,750ml Bottle,1118.53,6,5,6375.62,100,10,100667.70,Moet Hennessy,ALCOHOL,
4th Street Sweet Red/Rose,WINE_BOX,5 Litre Box,206.68,4,4,793.65,75,8,14260.92,Heineken SA,ALCOHOL,
Robertson Winery Smooth Red,WINE_BOX,3 Litre Box,164.13,4,4,630.26,75,8,11324.97,Robertson Winery,ALCOHOL,
Drostdy-Hof Claret Select,WINE_BOX,5 Litre Box,231.00,4,4,887.04,75,8,15939.00,Heineken SA,ALCOHOL,
Paarl Perle White,WINE_BOX,2 Litre Co-Pack,103.34,4,4,396.83,75,8,7130.46,Distell Portfolio,ALCOHOL,
Bonaqua Still Water,WATER,500ml,13.20,24,3,307.30,60,7,736.56,Coca-Cola Beverages SA,NON_ALCOHOL,
Valpre Natural Spring Water,WATER,500ml,14.30,24,3,332.90,60,7,797.94,Coca-Cola Beverages SA,NON_ALCOHOL,
Aquelle Sparkling Water,WATER,500ml,16.50,24,3,384.12,60,7,920.70,Aquelle,NON_ALCOHOL,
Ekoyini Ice Bag,ICE,1kg,22.00,10,2,215.60,40,5,836.00,Ekoyini Essentials,NON_ALCOHOL,
Ekoyini Ice Bag,ICE,2kg,38.50,10,2,377.30,40,5,1463.00,Ekoyini Essentials,NON_ALCOHOL,
Ekoyini Crushed Ice,ICE,1kg,24.20,10,2,237.16,40,5,919.60,Ekoyini Essentials,NON_ALCOHOL,
Ekoyini Crushed Ice,ICE,2kg,41.80,10,2,409.64,40,5,1588.40,Ekoyini Essentials,NON_ALCOHOL,
Seven Sisters Pinotage/Cabernet,WINE,750ml Bottle,109.42,6,5,623.69,100,10,9847.80,Seven Sisters Vineyards,ALCOHOL,BLACK_OWNED|WOMEN_OWNED
M'hudi Pinotage,WINE,750ml Bottle,254.10,6,5,1448.37,100,10,22869.00,M'hudi Wines,ALCOHOL,BLACK_OWNED
M'hudi Chenin Blanc,WINE,750ml Bottle,266.26,6,5,1517.68,100,10,23963.40,M'hudi Wines,ALCOHOL,BLACK_OWNED
Mofaya Original,MIXER,Can (500ml),10.99,24,2,258.48,60,5,626.43,Coca-Cola Beverages SA,NON_ALCOHOL,BLACK_OWNED
Mofaya Orange Ting,MIXER,Can (500ml),10.99,24,2,258.48,60,5,626.43,Coca-Cola Beverages SA,NON_ALCOHOL,BLACK_OWNED
